{"cameraMode":{"drawMode":0,"name":"Shaded","section":"Shading Mode"},"sceneLighting":true,"audioPlay":false,"sceneViewState":{"showFog":false,"showMaterialUpdate":false,"showSkybox":false,"showFlares":false,"showImageEffects":false,"showParticleSystems":false},"in2DMode":false,"pivot":{"x":361.8616943359375,"y":533.6554565429688,"z":-629.277587890625},"rotation":{"x":0.1369023323059082,"y":0.04259166494011879,"z":-0.0052791438065469269,"w":0.9899172186851502},"size":32.00725555419922,"orthographic":false}