{"cameraMode":{"drawMode":0,"name":"Shaded","section":"Shading Mode"},"sceneLighting":false,"audioPlay":false,"sceneViewState":{"showFog":false,"showMaterialUpdate":false,"showSkybox":false,"showFlares":false,"showImageEffects":false,"showParticleSystems":false},"in2DMode":false,"pivot":{"x":0.02319645881652832,"y":1.7081016302108765,"z":-0.09013843536376953},"rotation":{"x":-0.00585669232532382,"y":0.9888339638710022,"z":-0.1354629546403885,"w":-0.06994642317295075},"size":2.0387625694274904,"orthographic":false}