{"cameraMode":{"drawMode":0,"name":"Shaded","section":"Shading Mode"},"sceneLighting":false,"audioPlay":false,"sceneViewState":{"showFog":false,"showMaterialUpdate":false,"showSkybox":false,"showFlares":false,"showImageEffects":false,"showParticleSystems":false},"in2DMode":false,"pivot":{"x":-235.63034057617188,"y":1958.7366943359375,"z":-1763.4969482421875},"rotation":{"x":0.31818893551826479,"y":0.32430657744407656,"z":-0.11341433227062226,"w":0.8841411471366882},"size":9.303873062133789,"orthographic":false}