{"cameraMode":{"drawMode":0,"name":"Shaded","section":"Shading Mode"},"sceneLighting":false,"audioPlay":false,"sceneViewState":{"showFog":false,"showMaterialUpdate":false,"showSkybox":false,"showFlares":false,"showImageEffects":false,"showParticleSystems":false},"in2DMode":false,"pivot":{"x":4.072113513946533,"y":11.479233741760254,"z":-14.874652862548829},"rotation":{"x":-0.4345443546772003,"y":-0.001994023798033595,"z":0.00007709137571509928,"w":-0.9009549021720886},"size":10.031270980834961,"orthographic":false}