{"cameraMode":{"drawMode":0,"name":"Shaded","section":"Shading Mode"},"sceneLighting":false,"audioPlay":false,"sceneViewState":{"showFog":false,"showMaterialUpdate":false,"showSkybox":false,"showFlares":false,"showImageEffects":false,"showParticleSystems":false},"in2DMode":false,"pivot":{"x":-0.19838282465934754,"y":0.7030812501907349,"z":-0.09370088577270508},"rotation":{"x":0.32119500637054446,"y":0.08386316150426865,"z":-0.025539295747876169,"w":0.9434494376182556},"size":1.373488426208496,"orthographic":false}