{"cameraMode":{"drawMode":0,"name":"Shaded","section":"Shading Mode"},"sceneLighting":false,"audioPlay":false,"sceneViewState":{"showFog":false,"showMaterialUpdate":false,"showSkybox":false,"showFlares":false,"showImageEffects":false,"showParticleSystems":false},"in2DMode":false,"pivot":{"x":214.84471130371095,"y":1026.9886474609375,"z":-2243.8056640625},"rotation":{"x":-0.2552102506160736,"y":-0.0830913558602333,"z":0.02119913510978222,"w":-0.9633690118789673},"size":9.96086311340332,"orthographic":false}