{"cameraMode":{"drawMode":0,"name":"Shaded","section":"Shading Mode"},"sceneLighting":true,"audioPlay":false,"sceneViewState":{"showFog":false,"showMaterialUpdate":false,"showSkybox":false,"showFlares":false,"showImageEffects":false,"showParticleSystems":false},"in2DMode":false,"pivot":{"x":-267.8582763671875,"y":69.07415771484375,"z":17.57245635986328},"rotation":{"x":0.003775445045903325,"y":0.9749396443367004,"z":-0.2240389883518219,"w":0.009681307710707188},"size":36.542274475097659,"orthographic":false}