{"cameraMode":{"drawMode":0,"name":"Shaded","section":"Shading Mode"},"sceneLighting":false,"audioPlay":false,"sceneViewState":{"showFog":false,"showMaterialUpdate":false,"showSkybox":false,"showFlares":false,"showImageEffects":false,"showParticleSystems":false},"in2DMode":false,"pivot":{"x":4.072113513946533,"y":11.479233741760254,"z":-14.874652862548829},"rotation":{"x":0.2792031764984131,"y":0.00970550812780857,"z":-0.002121558180078864,"w":0.9604413509368897},"size":10.031270980834961,"orthographic":false}