{"cameraMode":{"drawMode":0,"name":"Shaded","section":"Shading Mode"},"sceneLighting":false,"audioPlay":false,"sceneViewState":{"showFog":false,"showMaterialUpdate":false,"showSkybox":false,"showFlares":false,"showImageEffects":false,"showParticleSystems":false},"in2DMode":false,"pivot":{"x":-0.6886809468269348,"y":2.104854106903076,"z":0.1381317675113678},"rotation":{"x":-0.03534669801592827,"y":0.9604472517967224,"z":-0.17200881242752076,"w":-0.21857382357120515},"size":0.8827294707298279,"orthographic":false}