{"cameraMode":{"drawMode":0,"name":"Shaded","section":"Shading Mode"},"sceneLighting":true,"audioPlay":false,"sceneViewState":{"showFog":false,"showMaterialUpdate":false,"showSkybox":false,"showFlares":false,"showImageEffects":false,"showParticleSystems":false},"in2DMode":false,"pivot":{"x":3.8394687175750734,"y":-37.57574462890625,"z":65.29708099365235},"rotation":{"x":0.2792031764984131,"y":0.00970550812780857,"z":-0.002121558180078864,"w":0.9604413509368897},"size":54.12346649169922,"orthographic":false}