{"cameraMode":{"drawMode":0,"name":"Shaded","section":"Shading Mode"},"sceneLighting":false,"audioPlay":false,"sceneViewState":{"showFog":false,"showMaterialUpdate":false,"showSkybox":false,"showFlares":false,"showImageEffects":false,"showParticleSystems":false},"in2DMode":false,"pivot":{"x":324.0517578125,"y":1492.306640625,"z":-3337.1142578125},"rotation":{"x":-0.30211618542671206,"y":-0.02343703806400299,"z":0.006594901904463768,"w":-0.9532507658004761},"size":1232.3436279296875,"orthographic":false}