{"cameraMode":{"drawMode":0,"name":"Shaded","section":"Shading Mode"},"sceneLighting":false,"audioPlay":false,"sceneViewState":{"showFog":false,"showMaterialUpdate":false,"showSkybox":false,"showFlares":false,"showImageEffects":false,"showParticleSystems":false},"in2DMode":false,"pivot":{"x":-0.05327916145324707,"y":0.9465522766113281,"z":-0.12172341346740723},"rotation":{"x":0.011638067662715912,"y":-0.9667325615882874,"z":0.044383954256772998,"w":0.2519723176956177},"size":1.073488712310791,"orthographic":false}