{"cameraMode":{"drawMode":0,"name":"Shaded","section":"Shading Mode"},"sceneLighting":false,"audioPlay":false,"sceneViewState":{"showFog":false,"showMaterialUpdate":false,"showSkybox":false,"showFlares":false,"showImageEffects":false,"showParticleSystems":false},"in2DMode":false,"pivot":{"x":-321.54876708984377,"y":76.76819610595703,"z":-34.559349060058597},"rotation":{"x":0.06151624396443367,"y":0.7077118754386902,"z":-0.0563536211848259,"w":0.7023080587387085},"size":58.380104064941409,"orthographic":false}