{"cameraMode":{"drawMode":0,"name":"Shaded","section":"Shading Mode"},"sceneLighting":true,"audioPlay":false,"sceneViewState":{"showFog":true,"showMaterialUpdate":false,"showSkybox":true,"showFlares":true,"showImageEffects":true,"showParticleSystems":true},"in2DMode":false,"pivot":{"x":-3.187138557434082,"y":92.77559661865235,"z":108.64552307128906},"rotation":{"x":-0.024872805923223497,"y":0.9463284015655518,"z":-0.31340301036834719,"w":-0.07510536164045334},"size":-3.720855236053467,"orthographic":false}